{
  "version": 1,
  "author": "Mateus Cesca",
  "editor": "wokwi",
  "parts": [
    { "type": "wokwi-breadboard-half", "id": "bb1", "top": 169.8, "left": -122, "attrs": {} },
    {
      "type": "board-esp32-devkit-c-v4",
      "id": "esp",
      "top": -11.26,
      "left": -63.5,
      "rotate": 90,
      "attrs": { "env": "micropython-20231227-v1.22.0" }
    },
    {
      "type": "board-ssd1306",
      "id": "oled1",
      "top": 51.14,
      "left": 105.83,
      "attrs": { "i2cAddress": "0x3c" }
    },
    {
      "type": "wokwi-pushbutton-6mm",
      "id": "btn1",
      "top": 259.7,
      "left": -25.3,
      "rotate": 90,
      "attrs": { "color": "red" }
    },
    {
      "type": "wokwi-pushbutton-6mm",
      "id": "btn2",
      "top": 259.7,
      "left": -73.3,
      "rotate": 90,
      "attrs": { "color": "blue" }
    },
    {
      "type": "wokwi-resistor",
      "id": "r1",
      "top": 320.75,
      "left": 9.6,
      "attrs": { "value": "65" }
    },
    {
      "type": "wokwi-resistor",
      "id": "r2",
      "top": 320.75,
      "left": 96,
      "attrs": { "value": "65" }
    },
    {
      "type": "wokwi-led",
      "id": "led1",
      "top": 274.8,
      "left": 52.2,
      "attrs": { "color": "cyan", "flip": "1" }
    },
    {
      "type": "wokwi-led",
      "id": "led2",
      "top": 274.8,
      "left": 138.6,
      "attrs": { "color": "red", "flip": "1" }
    }
  ],
  "connections": [
    [ "esp:TX", "$serialMonitor:RX", "", [] ],
    [ "esp:RX", "$serialMonitor:TX", "", [] ],
    [ "esp:3V3", "oled1:VCC", "red", [ "v0.15", "h76.8" ] ],
    [ "esp:22", "oled1:SCL", "limegreen", [ "v9.6", "h163.2", "v-105.6", "h-48.3" ] ],
    [ "oled1:SDA", "esp:21", "yellow", [ "v-9.6", "h38.47", "v105.6", "h-182.4" ] ],
    [ "esp:GND.2", "oled1:GND", "black", [ "v0", "h38.4", "v-96", "h38.4" ] ],
    [ "esp:GND.3", "bb1:tn.10", "black", [ "v0" ] ],
    [ "btn2:2.l", "esp:2", "blue", [ "v0" ] ],
    [ "btn1:2.l", "esp:5", "red", [ "v0" ] ],
    [ "bb1:bn.25", "bb1:tn.25", "black", [ "v-1.3", "h11.2", "v-172.8" ] ],
    [ "btn2:1.l", "bb1:6t.e", "", [ "$bb" ] ],
    [ "btn2:2.l", "bb1:4t.e", "", [ "$bb" ] ],
    [ "btn2:1.r", "bb1:6b.f", "", [ "$bb" ] ],
    [ "btn2:2.r", "bb1:4b.f", "", [ "$bb" ] ],
    [ "btn1:1.l", "bb1:11t.e", "", [ "$bb" ] ],
    [ "btn1:2.l", "bb1:9t.e", "", [ "$bb" ] ],
    [ "btn1:1.r", "bb1:11b.f", "", [ "$bb" ] ],
    [ "btn1:2.r", "bb1:9b.f", "", [ "$bb" ] ],
    [ "bb1:6b.g", "bb1:bn.5", "black", [ "v0" ] ],
    [ "bb1:11b.g", "bb1:bn.9", "black", [ "v0" ] ],
    [ "r1:1", "bb1:12b.j", "", [ "$bb" ] ],
    [ "r1:2", "bb1:18b.j", "", [ "$bb" ] ],
    [ "r2:1", "bb1:21b.j", "", [ "$bb" ] ],
    [ "r2:2", "bb1:27b.j", "", [ "$bb" ] ],
    [ "led2:C", "bb1:tn.24", "green", [ "v0", "h9.2", "v-124.8" ] ],
    [ "led1:C", "bb1:tn.16", "green", [ "v0", "h9.2" ] ],
    [ "r1:1", "esp:27", "cyan", [ "v57.6", "h-134.4", "v-345.6", "h96" ] ],
    [ "r2:1", "esp:25", "purple", [ "v57.6", "h-220.8", "v-345.6", "h115.2", "v0" ] ],
    [ "led1:A", "bb1:18b.i", "", [ "$bb" ] ],
    [ "led1:C", "bb1:19b.i", "", [ "$bb" ] ],
    [ "led2:A", "bb1:27b.i", "", [ "$bb" ] ],
    [ "led2:C", "bb1:28b.i", "", [ "$bb" ] ]
  ],
  "dependencies": {}
}