{
  "version": 1,
  "author": "Mateus Cesca",
  "editor": "wokwi",
  "parts": [
    { "type": "wokwi-breadboard-half", "id": "bb1", "top": 54.6, "left": -131.6, "attrs": {} },
    {
      "type": "board-esp32-devkit-c-v4",
      "id": "esp",
      "top": -116.86,
      "left": 32.5,
      "rotate": 90,
      "attrs": { "env": "micropython-20231227-v1.22.0" }
    },
    {
      "type": "wokwi-led",
      "id": "led1",
      "top": 92.4,
      "left": 138.6,
      "attrs": { "color": "limegreen", "flip": "1" }
    },
    {
      "type": "wokwi-led",
      "id": "led2",
      "top": 92.4,
      "left": 42.6,
      "attrs": { "color": "yellow", "flip": "1" }
    },
    {
      "type": "wokwi-led",
      "id": "led3",
      "top": 92.4,
      "left": -53.4,
      "attrs": { "color": "red", "flip": "1" }
    },
    {
      "type": "wokwi-resistor",
      "id": "r1",
      "top": 138.35,
      "left": 96,
      "attrs": { "value": "65" }
    },
    { "type": "wokwi-resistor", "id": "r2", "top": 138.35, "left": 0, "attrs": { "value": "65" } },
    {
      "type": "wokwi-resistor",
      "id": "r3",
      "top": 138.35,
      "left": -96,
      "attrs": { "value": "65" }
    }
  ],
  "connections": [
    [ "esp:TX", "$serialMonitor:RX", "", [] ],
    [ "esp:RX", "$serialMonitor:TX", "", [] ],
    [
      "bb1:2t.d",
      "esp:12",
      "green",
      [ "v19.2", "h-38.4", "v-105.6", "h105.6", "v-115.2", "h76.8" ]
    ],
    [
      "bb1:12t.d",
      "esp:14",
      "green",
      [ "v19.2", "h-134.4", "v-105.6", "h105.6", "v-115.2", "h86.4" ]
    ],
    [
      "bb1:22t.d",
      "esp:27",
      "green",
      [ "v19.2", "h-230.4", "v-105.6", "h105.6", "v-115.2", "h0", "v0", "h96" ]
    ],
    [ "r2:1", "bb1:12t.e", "", [ "$bb" ] ],
    [ "r2:2", "bb1:18t.e", "", [ "$bb" ] ],
    [ "r3:1", "bb1:2t.e", "", [ "$bb" ] ],
    [ "r3:2", "bb1:8t.e", "", [ "$bb" ] ],
    [ "r1:1", "bb1:22t.e", "", [ "$bb" ] ],
    [ "r1:2", "bb1:28t.e", "", [ "$bb" ] ],
    [ "esp:GND.3", "bb1:tn.19", "black", [ "v0" ] ],
    [ "led2:A", "bb1:18t.d", "", [ "$bb" ] ],
    [ "led2:C", "bb1:19t.d", "", [ "$bb" ] ],
    [ "led3:C", "bb1:tn.8", "green", [ "h9.2", "v-57.5" ] ],
    [ "led2:C", "bb1:tn.16", "green", [ "h9.2", "v-57.5" ] ],
    [ "led1:C", "bb1:tn.25", "green", [ "h9.2", "v-57.5" ] ],
    [ "led3:A", "bb1:8t.d", "", [ "$bb" ] ],
    [ "led3:C", "bb1:9t.d", "", [ "$bb" ] ],
    [ "led1:A", "bb1:28t.d", "", [ "$bb" ] ],
    [ "led1:C", "bb1:29t.d", "", [ "$bb" ] ]
  ],
  "dependencies": {}
}